<?xml version="1.0" encoding="UTF-8"?>
<Observation xmlns="http://hl7.org/fhir"> 
 
   <status value="preliminary"/>   
   <category> 
		<coding> 
			<system value="http://hl7.org/fhir/observation-category"/> 
			<code value="vital-signs"/>  
		</coding> 
   </category>
   <code> 
		<coding> 
			<system value="http://loinc.org"/> 
			<code value="8310-5"/> 
			<display value="Body temperature"/> 
		</coding> 
   </code>     
   <subject> 
		<reference value="Patient/1856172"/> 
   </subject> 
   <effectiveDateTime value="2018-12-01T07:09:26"/> 
   <valueQuantity> 
		<value value="37.8"/> 
		<unit value="C"/> 
   </valueQuantity> 
</Observation> 





