<Observation xmlns="http://hl7.org/fhir"> 
   <id value=""/>	
   <status value="preliminary"/>   
   <category> 
		<coding> 
			<system value="http://hl7.org/fhir/observation-category"/> 
			<code value="laboratory"/> 
		</coding> 
   </category>
   <code> 
		<coding> 
			<system value="http://loinc.org"/> 
			<code value="15074-8"/> 
			<display value="Glucose [Moles/volume] in Blood"/> 
		</coding> 
   </code>    
   <subject> 
		<reference value="Patient/9952"/> 
		<display value="Yi-Tsung Yi"/>
   </subject> 
   <effectiveDateTime value="2017-11-01T08:09:26"/> 
   <device>
		<reference value="Device/4997"/>   
   </device> 
	<component> 
		<code> 
			<coding> 
				<system value="http://loinc.org"/> 
				<code value="6689-4"/> 
				<display value="Glucose [Mass/volume] in Blood --2 hours post meal"/> 
			</coding> 
		</code> 
		<valueQuantity> 
			<value value="110"/> 
			<unit value="mg/dL"/> 
		</valueQuantity>
		<interpretation> 
			<coding> 
				<system value="http://hl7.org/fhir/v2/0078"/> 
				<code value="N"/> 
			</coding> 
		</interpretation> 
		<referenceRange>  
			<high> 
				<value value="140"/> 
				<unit value="mg/dL"/>  
			</high> 
		</referenceRange> 		
	</component> 
</Observation> 



